{
  "OPEN": "OPEN",
  "Status": "Status",
  "VOLUME": "VOLUME",
  "amountCommitted": "Amount Committed",
  "areYouSureYouWantToClaim": "Are you sure you want to claim?",
  "backupWallet": "Backup Wallet",
  "balance": "BALANCE",
  "blocksUntilClaim": "Blocks Until Eligible for Fees",
  "blocksUntilCompound": "Blocks Until Compound",
  "cancelling": "CANCELLING",
  "change24H": "24h change",
  "claim": "Claim",
  "claimGas": "Claim {gas} Gas",
  "claiming": "Claiming...",
  "commitAphelionToBeEligible": "Commit Aphelion to Be Eligible",
  "commitInfoBody1": "On each match, the taker pays the match fee based on the market settings and 80% of the fee is added to the total fees collected on behalf of contributors. ",
  "commitInfoBody2": "After committing APH, {minClaimBlocks} blocks must occur before fees may be claimed. Amounts earned are relative to the amount committed and proportional weight compared to other contributors during the time of commitment.",
  "commitInfoBody3": "Committing any amount of APH tokens first takes those tokens from the DEX contract balance, and then pulls the required difference needed directly from the wallet balance. Upon claiming, the claimed funds are placed back in the DEX contract balance, and must be withdrawn using the DEX Withdraw APH function.",
  "commitInfoBody4": "The compound button allows compounding the APH commitment so that already earned fees will become part of the committed balance and increase the current commitment weight. Please Note: Compounding does not reset the time required to claim collected fees.",
  "commitInfoHeader": "A portion of the fees from trades can be claimed by Aphelion holders that have committed APH balance.",
  "committedAPHBalance": "Your committed APH balance of {balance} will also be returned to your contract balance.",
  "contractBalance": "Contract Balance",
  "currentBlock": "Current Block",
  "dashboard": "Dashboard",
  "dateCommitted": "Date Committed",
  "eligibleToCompound": "Now Eligible to Compound",
  "forAnEstimatedTotalOf": "for an estimated total cost of",
  "howMuchWouldYouLikeToCommit": "How much would you like to commit?",
  "learnMore": "Learn more",
  "noDataAvailable": "No Data Available",
  "notMetMinimumBlocksToClaim": "You have not met the minimum number of blocks required to collect fees.",
  "partial": "PARTIAL",
  "selectCurrency": "Select a currency",
  "short3MonthLabel": "3M",
  "shortDayLabel": "D",
  "shortMonthLabel": "M",
  "shortWeekLabel": "W",
  "toReceiveATotalOf": "to receive a total of",
  "toReceiveAnEstimatedTotalOf": "to receive an estimated total of",
  "waitAnAdditionalBlocks": "Otherwise, cancel this claim and wait an additional {blocks} blocks.",
  "youMayStillClaim": "You may still claim your committed APH balance of {balance} which will be returned to your contract balance."
}